Model,RMSE,R2,MSE,MAE,MAPE,TIME
Basic_nn,530.153616321762,0.8509450485555758,281062.8568990421,397.1655266448201,0.0451154425723619,
xgb,316.7875010399364,0.9467794906044448,100354.32081512768,222.84495560713364,0.0250020837052412,
rf,611.5178837025123,0.8016823918847066,373954.1220879994,467.7304707655203,0.05376737242452386,
