Model,RMSE,R2,MSE,MAE,MAPE
Basic_nn,353.54590098175385,0.9336516453955992,124994.70410100008,273.21679854792177,0.0312275276708263
Complex_nn,304.65111849735393,0.9507343634928752,92812.30400168878,229.6958759057549,0.0261310311798798
xgb,578.5307129507136,0.8223392939797578,334697.785827261,455.92230450249184,0.0533632456851257
rf,1376.8280694576276,-0.006231635217594178,1895655.5328464177,1119.7930429433218,0.13459458613184586
