Fold_0,Fold_1,Fold_2,Fold_3,Fold_4,Fold_5,Fold_6,Fold_7,Fold_8,Fold_9
8579.081437391671,8766.305553889872,8894.951037853327,8741.473928993802,8691.65845356169,9076.053430872234,9492.47853517034,8688.553582384518,9035.333987022928,8899.66578626948
-2619715137.2950125,-2802167436.12239,-3318418017.629003,-3620877709.0051928,-3185874728.5568314,-4089912377.146997,-3283640374.42597,-3950108687.9001217,-2261141322.0384164,-3386132869.8699813
73600638.30939834,76848113.06416042,79120153.96580799,76413366.45127834,75544926.67337038,82374745.88004766,90107148.74066962,75490963.35396685,81637260.25705166,79204051.10729554
8530.828447506656,8735.9135699821,8868.444419857084,8715.567654647728,8659.40691174708,9035.999661968648,9437.231432139673,8636.668221953794,8952.599142019279,8825.138500553621
28125.274033270944,24985.308149166944,24845.899746926767,31617.489427697976,29547.71898661968,25275.88970475565,23254.170845324225,32393.712374400577,28644.394127897158,27766.39543437207
