Model,RMSE,R2,MSE,MAE,MAPE
Basic_nn,764.176857108508,0.6902859350477444,583966.268940237,620.327434957977,0.07180240387982224
